{
    "pipeline_name": "eva02_xgboost_iws",
    "device": "cuda",
    "timestamp": "2026-03-16 19:30:40.197650+00:00",
    "batch_size": 128,
    "total_images": 5860,
    "total_batches": 46,
    "n_measured_runs": 5,
    "throughput_images_per_sec": 25.64419450832523,
    "latency_ms_per_image": 38.9951807484285,
    "total_inference_time_sec_mean": 228.51175918579102,
    "total_inference_time_sec_std": 1.0190375500392208,
    "total_inference_time_per_run": [
        229.1407,
        229.1892,
        228.7725,
        228.729,
        226.7274
    ],
    "batch_times_all_runs": [
        [
            4.932910442352295,
            4.957388877868652,
            4.96167254447937,
            4.934754371643066,
            4.968993902206421,
            4.952502012252808,
            4.958496332168579,
            4.975483179092407,
            4.994851112365723,
            4.954954624176025,
            4.995514631271362,
            4.965893983840942,
            4.981577157974243,
            4.857519626617432,
            4.984411239624023,
            4.979371786117554,
            4.970527410507202,
            4.915388584136963,
            4.953284740447998,
            4.952105522155762,
            4.888921022415161,
            4.977501153945923,
            4.942521810531616,
            4.9667017459869385,
            4.9662394523620605,
            4.960554122924805,
            4.881053686141968,
            4.855814456939697,
            4.960594177246094,
            4.961036682128906,
            4.968387126922607,
            4.958501815795898,
            4.963967800140381,
            4.93053936958313,
            4.975215196609497,
            4.960278511047363,
            4.942763328552246,
            4.9660210609436035,
            4.9622228145599365,
            4.965023756027222,
            4.96366548538208,
            4.92772912979126,
            4.965230941772461,
            4.963302850723267,
            4.8834240436553955,
            3.885052442550659
        ],
        [
            4.779644727706909,
            4.812685489654541,
            4.874093055725098,
            4.856977701187134,
            4.844818115234375,
            4.8109540939331055,
            4.931286811828613,
            4.8807761669158936,
            4.927332401275635,
            4.865979909896851,
            4.873574733734131,
            4.881704568862915,
            4.911333799362183,
            4.975286960601807,
            4.938023090362549,
            4.931684255599976,
            4.952279090881348,
            4.9201860427856445,
            4.920202732086182,
            4.918214559555054,
            4.960549592971802,
            4.926993131637573,
            4.926522731781006,
            4.97324275970459,
            4.95600962638855,
            5.03827166557312,
            5.0388877391815186,
            5.037761449813843,
            5.032247304916382,
            4.962984323501587,
            5.027186870574951,
            5.0166943073272705,
            5.019759893417358,
            5.0176496505737305,
            5.014685153961182,
            4.995335102081299,
            5.010589122772217,
            5.021880865097046,
            5.0095906257629395,
            5.0066893100738525,
            5.007553815841675,
            5.010044097900391,
            4.971229314804077,
            5.004661560058594,
            4.9968156814575195,
            3.905317783355713
        ],
        [
            4.741081237792969,
            4.817453384399414,
            4.834596395492554,
            4.85910701751709,
            4.864106893539429,
            4.874261856079102,
            4.891107082366943,
            4.9116737842559814,
            4.913879632949829,
            4.9328227043151855,
            4.92794132232666,
            4.944831132888794,
            4.952091217041016,
            4.959185361862183,
            4.96442437171936,
            4.963624954223633,
            4.971192121505737,
            4.9706056118011475,
            4.971994400024414,
            4.97176718711853,
            4.967406511306763,
            4.970189571380615,
            4.9695703983306885,
            4.974020957946777,
            4.974859237670898,
            4.97518515586853,
            4.971123695373535,
            4.975498676300049,
            4.971511363983154,
            4.973844766616821,
            4.969322443008423,
            4.967720985412598,
            4.968853712081909,
            4.972231388092041,
            4.963645935058594,
            4.967368841171265,
            4.968220233917236,
            4.958826065063477,
            4.9575300216674805,
            4.961869716644287,
            4.963496208190918,
            4.963277339935303,
            4.960869550704956,
            4.966802358627319,
            4.956043004989624,
            3.87839674949646
        ],
        [
            4.818447113037109,
            4.85941743850708,
            4.876285552978516,
            4.878593683242798,
            4.94073486328125,
            4.821465969085693,
            4.834136247634888,
            4.9112021923065186,
            4.8620851039886475,
            4.940767526626587,
            4.87751317024231,
            4.953649044036865,
            5.00342059135437,
            5.000338077545166,
            5.0034027099609375,
            5.019806146621704,
            4.930225133895874,
            4.8899571895599365,
            4.975790977478027,
            5.022911548614502,
            4.9941322803497314,
            5.009779930114746,
            4.9875168800354,
            4.985455513000488,
            4.976895570755005,
            4.956554889678955,
            4.934970140457153,
            4.996120452880859,
            4.9871134757995605,
            4.93277382850647,
            4.986597776412964,
            4.986950635910034,
            4.94080376625061,
            4.894957065582275,
            4.969350576400757,
            4.96148681640625,
            4.99038553237915,
            4.920151472091675,
            4.937380790710449,
            4.971536159515381,
            4.963832378387451,
            4.864731073379517,
            4.9762327671051025,
            4.974197864532471,
            4.861996412277222,
            3.871833562850952
        ],
        [
            4.785999536514282,
            4.8504838943481445,
            4.8064284324646,
            4.8182148933410645,
            4.824796915054321,
            4.817943334579468,
            4.821279287338257,
            4.834951639175415,
            4.887758493423462,
            4.91578221321106,
            4.863634824752808,
            4.946556568145752,
            4.878124713897705,
            4.879253149032593,
            4.881313800811768,
            4.899219989776611,
            4.916016578674316,
            4.9038214683532715,
            4.911786317825317,
            4.906114101409912,
            4.917747735977173,
            4.920062303543091,
            4.963205337524414,
            4.924048662185669,
            4.923304080963135,
            4.931800127029419,
            4.928729057312012,
            4.931960105895996,
            4.934279203414917,
            4.9304234981536865,
            4.935457229614258,
            4.930929183959961,
            4.933699369430542,
            4.925005674362183,
            4.930495500564575,
            4.922650337219238,
            4.914008617401123,
            4.914007663726807,
            4.909715175628662,
            4.908752918243408,
            4.905657529830933,
            4.899109601974487,
            4.9012744426727295,
            4.907182216644287,
            4.897029161453247,
            3.8429787158966064
        ]
    ],
    "batch_time_mean_s": 4.9138190082881765,
    "batch_time_std_s": 0.16415460334725104,
    "peak_gpu_vram_mb": 6422.857421875,