{"performance":{"timing":{"total_inference_s":1940.6278729438782,"std_batch_ms":863.8969634336388,"model_load_ms":2266.3729190826416,"data_load_s":51.85288405418396,"batch_count":230,"warmup_s":761.8349149227142,"avg_batch_ms":8420.251666981241},"throughput":{"by_run":[13.256425400549691,14.164732247196278,16.230909586027025,16.14379606703471,16.23955752750109],"ci_upper":16.437615815341424,"cv":0.09231574302885844,"img_per_s":15.20708416566176,"ci_lower":13.976552515982096},"memory_mb":{"peak":3026.08203125,"raw_image_data":1465.0,"initial":832.3046875,"after_model":832.3046875,"overhead":728.77734375,"after_data":3026.08203125,"per_image":0.37436473442832763},"accuracy":{"correct":5551,"total":5860,"ground_truth_positive":50.0,"accuracy":94.72696245733788,"predicted_positive":49.40273037542662}},"metadata":{"julia_threads":1,"dataset":"full_test","norm_std":0.15607850253582,"total_images":5860,"timestamp":"2026-03-17T20:39:03.480","pipeline":"Julia_Lux_CNN_CPU_FULL","blas_threads":56,"norm_mean":0.3797547221183777}}