{
    "pipeline_name": "eva02_xgboost_iws",
    "device": "cpu",
    "timestamp": "2026-03-20 21:03:09.362602+00:00",
    "batch_size": 128,
    "total_images": 5860,
    "total_batches": 46,
    "n_measured_runs": 5,
    "throughput_images_per_sec": 0.9222359722129527,
    "latency_ms_per_image": 1084.3211825715805,
    "total_inference_time_sec_mean": 6354.122129869461,
    "total_inference_time_sec_std": 22.569046095686822,
    "total_inference_time_per_run": [
        6341.5906,
        6385.0938,
        6371.1035,
        6334.7596,
        6338.0632
    ],
    "batch_times_all_runs": [
        [
            138.82709956169128,
            139.1937918663025,
            139.0723841190338,
            137.23292303085327,
            138.26120591163635,
            138.09123969078064,
            138.2744917869568,
            136.81383728981018,
            137.88837552070618,
            138.13909888267517,
            138.27169752120972,
            138.45576977729797,
            138.54045701026917,
            139.07954382896423,
            137.97972798347473,
            137.96201586723328,
            138.03471279144287,
            137.5018446445465,
            138.0548927783966,
            138.57387399673462,
            137.77074217796326,
            138.73876190185547,
            138.19004201889038,
            138.97735047340393,
            138.45838594436646,
            138.7715721130371,
            138.66006326675415,
            138.0756275653839,
            138.5704801082611,
            138.5707414150238,
            137.8728940486908,
            138.7737169265747,
            138.2750060558319,
            138.16537761688232,
            138.0880105495453,
            137.86741852760315,
            137.65605998039246,
            138.56649017333984,
            137.56577372550964,
            138.27443838119507,
            138.76171469688416,
            138.370831489563,
            137.96989679336548,
            137.98304057121277,
            138.1281464099884,
            116.3948609828949
        ],
        [
            138.00987124443054,
            139.89506125450134,
            139.75811457633972,
            137.86648201942444,
            140.039479970932,
            138.72229194641113,
            137.67006158828735,
            139.0691418647766,
            140.36930775642395,
            139.99011397361755,
            140.8729395866394,
            140.62868309020996,
            138.13658928871155,
            138.70592379570007,
            139.8706464767456,
            139.67212748527527,
            140.3712978363037,
            139.73573470115662,
            138.4947566986084,
            138.73298120498657,
            139.01386976242065,
            139.8860363960266,
            139.55832195281982,
            138.95879745483398,
            138.68547868728638,
            140.67600011825562,
            140.36301922798157,
            139.54061222076416,
            139.2080762386322,
            138.17075419425964,
            136.1743905544281,
            139.77415919303894,
            140.4850583076477,
            140.45875096321106,
            138.37239384651184,
            140.28397822380066,
            140.83424544334412,
            138.7419250011444,
            139.16912484169006,
            138.87817358970642,
            138.06367301940918,
            139.58530139923096,
            138.8454942703247,
            137.85132384300232,
            137.97001910209656,
            115.16604566574097
        ],
        [
            140.3683466911316,
            139.97324132919312,
            139.3642029762268,
            141.54014611244202,
            139.18716883659363,
            140.17850399017334,
            144.16863489151,
            142.4757480621338,
            140.8944742679596,
            139.2562873363495,
            138.67516541481018,
            138.54248571395874,
            138.40363216400146,
            138.52442264556885,
            139.29154801368713,
            136.91696882247925,
            138.50463795661926,
            137.98665285110474,
            138.83904433250427,
            138.67604112625122,
            138.8338017463684,
            138.8294563293457,
            137.9219934940338,
            136.8687219619751,
            138.66533041000366,
            138.88407683372498,
            137.9732859134674,
            136.63108825683594,
            138.53821659088135,
            138.4110004901886,
            138.66989493370056,
            139.69243574142456,
            138.31599497795105,
            136.97997450828552,
            139.6304907798767,
            139.40386056900024,
            138.88255095481873,
            138.57787227630615,
            138.36846280097961,
            137.96143102645874,
            138.56883096694946,
            138.59279656410217,
            137.6703040599823,
            138.22696113586426,
            138.46573424339294,
            115.97063040733337
        ],
        [
            139.72323393821716,
            137.6731345653534,
            137.68406224250793,
            138.77910161018372,
            138.76596355438232,
            136.02595782279968,
            138.41100478172302,
            138.985365152359,
            137.86767745018005,
            138.387704372406,
            138.27583742141724,
            138.7611665725708,
            137.76764607429504,
            137.73106288909912,
            138.60947585105896,
            137.56905579566956,
            138.68816685676575,
            138.1645336151123,
            138.56448602676392,
            137.97366571426392,
            137.68610954284668,
            138.1654691696167,
            138.08588814735413,
            137.61721277236938,
            138.6604974269867,
            138.47359013557434,
            138.18396973609924,
            138.6226110458374,
            138.49842476844788,
            137.37897157669067,
            138.28388500213623,
            138.2136468887329,
            138.06126713752747,
            138.57841682434082,
            138.17306351661682,
            138.12356305122375,
            138.98738980293274,
            138.17936778068542,
            138.06833481788635,
            137.47498273849487,
            137.06514596939087,
            137.8423445224762,
            137.50559639930725,
            137.75275707244873,
            138.07050728797913,
            114.78399467468262
        ],
        [
            140.66869926452637,
            138.5720353126526,
            138.97855019569397,
            137.88362741470337,
            137.65518593788147,
            137.88750767707825,
            138.2274854183197,
            137.47863936424255,
            138.6658067703247,
            137.98624229431152,
            138.45525550842285,
            138.19672179222107,
            138.33127331733704,
            138.13306307792664,
            138.9289972782135,
            136.62653470039368,
            138.42477083206177,
            138.39060926437378,
            138.14014768600464,
            138.6474950313568,
            137.4594202041626,
            138.63163375854492,
            137.60157442092896,
            137.65073347091675,
            138.07137870788574,
            138.26999139785767,
            138.19272923469543,
            137.61016750335693,
            138.7686641216278,
            137.97457647323608,
            137.8775441646576,
            138.46217465400696,
            137.87287521362305,
            138.0871798992157,
            138.6420876979828,
            138.44069385528564,
            138.32164978981018,
            138.32778358459473,
            138.768132686615,
            137.92487597465515,
            138.33874464035034,
            138.21122574806213,
            137.4716510772705,
            137.98896503448486,
            137.63684678077698,
            115.17621350288391
        ]
    ],